{"cameraMode":{"drawMode":0,"name":"Shaded","section":"Shading Mode"},"sceneLighting":true,"audioPlay":false,"sceneViewState":{"showFog":true,"showMaterialUpdate":true,"showSkybox":true,"showFlares":true,"showImageEffects":true,"showParticleSystems":true},"in2DMode":false,"pivot":{"x":3.440000057220459,"y":6.820000171661377,"z":3.4200000762939455},"rotation":{"x":-0.24079068005084992,"y":-0.2062850147485733,"z":0.05245405063033104,"w":-0.9469503164291382},"size":22.75816535949707,"orthographic":false}